,features,score
0,analyst,0.7226079673726745
1,security,0.2831946424207973
2,information,0.11812068076228974
3,soc,0.0681923872411689
4,threat,0.05900166003719981
5,operations,0.05550912928871957
6,cyber,0.05257021381041715
7,senior,0.04214556149927929
8,l3,0.02659097973484757
9,monitoring,0.026280117374321482
10,risk,0.02567694947865644
11,engineer,0.020893978184194757
12,director,0.0
13,directory,0.0
14,embedded,0.0
15,digital,0.0
16,devops,0.0
17,education,0.0
18,trust,0.0
19,emea,0.0
